project_id,project_name,ministry,agency,sector,state,approval_date,start_date,original_completion_date,revised_completion_date,actual_completion_date,original_cost_crore,revised_cost_crore,cumulative_expenditure_crore,physical_progress_pct,report_month,source_file,source_page,raw_date_values,raw_cost_values,delay_days,planned_duration_days,delay_ratio,delay_over_20pct
612851,"Phase 1B - Construction of Academic Block, Hostel, Residential Tower, Directors Residence and External Development works at National Institute of Technology, Delhi Campus on Engineering, Procurement and Construction basis",,National Institute of Technology Delhi,,Delhi,2009-09,2022-11,2025-09,2026-01,2026-06,333.49,336.42,336.42,,2026-08,FlashReport_August_2026.pdf,37,"{""approval"": ""09/2009"", ""start"": ""(11/2022)"", ""actual"": ""06/2026"", ""original"": ""(09/2025)"", ""revised"": ""(01/2026)""}","{""original"": ""333.49"", ""revised"": ""(336.42)"", ""expenditure"": ""336.42""}",,,,
612877,Establishment of NIT Puducherry Permanent Campus [Phase-I and Phase-II],,"National Institute of Technology, Puducherry",,Puducherry,2009-09,2013-07,2024-12,2026-08,2026-08,618.34,544.34,543.74,,2026-08,FlashReport_August_2026.pdf,37,"{""approval"": ""09/2009"", ""start"": ""(07/2013)"", ""actual"": ""08/2026"", ""original"": ""(12/2024)"", ""revised"": ""(08/2026)""}","{""original"": ""618.34"", ""revised"": ""(544.34)"", ""expenditure"": ""543.74""}",,,,
702637,Mumbai Metro Line 3,,Mumbai Metro Rail Corporation Limited [MMRC],,Maharashtra,2013-07,2016-06,2023-03,2025-08,2025-10,23136.0,37276.0,36139.24,,2026-08,FlashReport_August_2026.pdf,37,"{""approval"": ""07/2013"", ""start"": ""(06/2016)"", ""actual"": ""10/2025"", ""original"": ""(03/2023)"", ""revised"": ""(08/2025)""}","{""original"": ""23,136.00"", ""revised"": ""(37,276.00)"", ""expenditure"": ""36,139.24""}",,,,
709753,Haldia Panagarh Pipeline Project,,Hindustan Petroleum Corporation Limited,,West Bengal,2022-11,2022-11,2025-11,2026-08,2026-08,1010.0,1107.0,895.3,,2026-08,FlashReport_August_2026.pdf,37,"{""approval"": ""11/2022"", ""start"": ""(11/2022)"", ""actual"": ""08/2026"", ""original"": ""(11/2025)"", ""revised"": ""(08/2026)""}","{""original"": ""1,010.00"", ""revised"": ""(1,107.00)"", ""expenditure"": ""895.30""}",,,,
618062,Dornala to Kunta Junction from Design Chainage Km 244000 to 267990 section of NH-765 Package-2 Andhra,,MoRTH,,Pradesh,2022-12,2024-03,2025-09,2026-02,2026-02,244.83,0.0,143.94,,2026-08,FlashReport_August_2026.pdf,37,"{""approval"": ""12/2022"", ""start"": ""(03/2024)"", ""actual"": ""02/2026"", ""original"": ""(09/2025)"", ""revised"": ""(02/2026)""}","{""original"": ""244.83"", ""revised"": ""(0.00)"", ""expenditure"": ""143.94""}",,,,
618192,Duttalur at NH-565 Junction to Kavali Joining on NH-16 Chainage Km. 36/400 to Km. 107/224 excluding the stretch from Km 101.880 to 105.300 67.404 Km of NH-167BG from in the State of Andhra Pradesh on EPC mode Andhra,,MoRTH,,Pradesh,2021-03,2022-07,2024-07,2026-03,2026-03,423.67,0.0,300.76,,2026-08,FlashReport_August_2026.pdf,37,"{""approval"": ""03/2021"", ""start"": ""(07/2022)"", ""actual"": ""03/2026"", ""original"": ""(07/2024)"", ""revised"": ""(03/2026)""}","{""original"": ""423.67"", ""revised"": ""(0.00)"", ""expenditure"": ""300.76""}",,,,
618005,Sheohar-Sitamarhi Section km 40.000 to 79.400 km Lot-I,,MoRTH,,Bihar,2016-02,2016-05,2018-05,2024-09,2024-09,178.85,278.53,232.61,,2026-08,FlashReport_August_2026.pdf,37,"{""approval"": ""02/2016"", ""start"": ""(05/2016)"", ""actual"": ""09/2024"", ""original"": ""(05/2018)"", ""revised"": ""(09/2024)""}","{""original"": ""178.85"", ""revised"": ""(278.53)"", ""expenditure"": ""232.61""}",,,,
618006,Sitamarhi-Jaynagar Section km 79.400 to km 156.500 Lot-II,,MoRTH,,Bihar,2016-02,2016-06,2018-12,2026-06,2026-06,369.77,503.28,459.61,,2026-08,FlashReport_August_2026.pdf,37,"{""approval"": ""02/2016"", ""start"": ""(06/2016)"", ""actual"": ""06/2026"", ""original"": ""(12/2018)"", ""revised"": ""(06/2026)""}","{""original"": ""369.77"", ""revised"": ""(503.28)"", ""expenditure"": ""459.61""}",,,,
618007,Jaynagar-Narahia Section km 156.500 to km 219.945 Lot-III,,MoRTH,,Bihar,2016-02,2016-05,2018-11,2026-06,2026-06,553.3,706.39,661.96,,2026-08,FlashReport_August_2026.pdf,37,"{""approval"": ""02/2016"", ""start"": ""(05/2016)"", ""actual"": ""06/2026"", ""original"": ""(11/2018)"", ""revised"": ""(06/2026)""}","{""original"": ""553.30"", ""revised"": ""(706.39)"", ""expenditure"": ""661.96""}",,,,
617977,Development of Chiloda - Gandhinagar- Sarkhej ofNH-147 Package -II,,MoRTH,,Gujarat,2018-04,2018-11,2020-11,2024-09,2024-09,211.28,234.44,234.39,,2026-08,FlashReport_August_2026.pdf,37,"{""approval"": ""04/2018"", ""start"": ""(11/2018)"", ""actual"": ""09/2024"", ""original"": ""(11/2020)"", ""revised"": ""(09/2024)""}","{""original"": ""211.28"", ""revised"": ""(234.44)"", ""expenditure"": ""234.39""}",,,,
618220,Reconstruction and widening to 2 lane with paved shoulder from existing chainage km 102000 to km 134950 Design chainage km 90150 to km 116980 including construction of Naushera Tunnel Total length of tunnel 0.700 km under 31 TF on Akhnoor-Poonch road NH-144A in the UT of Jammu & Kashmir under Jammu Project Sampark BRO on EPC mode Package-V Job no NH-144A-J&K-2020-21- 104,,MoRTH,,and Kashmir,2021-03,2022-07,2024-07,2025-11,2025-11,642.24,572.51,524.46,,2026-08,FlashReport_August_2026.pdf,37,"{""approval"": ""03/2021"", ""start"": ""(07/2022)"", ""actual"": ""11/2025"", ""original"": ""(07/2024)"", ""revised"": ""(11/2025)""}","{""original"": ""642.24"", ""revised"": ""(572.51)"", ""expenditure"": ""524.46""}",,,,
618000,Widening to 2-Lane with Paved Shoulders from Km 116.800 to 149.070Design Changes on Hosadurga - Holalkere Section of NH-173 in the State of Karnataka on EPC mode under Annual Plan 2021-22 Job no. NH-173-KNT-2021-22-946,,MoRTH,,Karnataka,2022-03,2022-10,2024-02,2026-05,2026-05,170.34,147.39,125.98,,2026-08,FlashReport_August_2026.pdf,37,"{""approval"": ""03/2022"", ""start"": ""(10/2022)"", ""actual"": ""05/2026"", ""original"": ""(02/2024)"", ""revised"": ""(05/2026)""}","{""original"": ""170.34"", ""revised"": ""(147.39)"", ""expenditure"": ""125.98""}",,,,
618144,Construction of Major Bridge Across Sharavathi Backwaters and approches between Ambargodu and Kalasavalli Near Sigandhur in Sagar Taluk on NH 369E in the State of Karnataka on EPC mode.Job No. NH-369E-KNT-2018-19-895 dated 06.03.2019.,,MoRTH,,Karnataka,2019-03,2019-12,2022-12,2025-08,2025-08,423.15,0.0,462.7,,2026-08,FlashReport_August_2026.pdf,37,"{""approval"": ""03/2019"", ""start"": ""(12/2019)"", ""actual"": ""08/2025"", ""original"": ""(12/2022)"", ""revised"": ""(08/2025)""}","{""original"": ""423.15"", ""revised"": ""(0.00)"", ""expenditure"": ""462.70""}",,,,
617917,"Construction of 4 Lane Flyover at Nagpur RTO Chowk To Nagpur University Campus from Ch 2/250 to 5/100 and 4 lane flyover at wadi/midc junction from km 8/360 to km, 10/300 on NH 53 in state of Maharashtra.",,MoRTH,,Maharashtra,2021-03,2022-03,2024-03,2025-07,2025-07,478.83,490.52,436.95,,2026-08,FlashReport_August_2026.pdf,37,"{""approval"": ""03/2021"", ""start"": ""(03/2022)"", ""actual"": ""07/2025"", ""original"": ""(03/2024)"", ""revised"": ""(07/2025)""}","{""original"": ""478.83"", ""revised"": ""(490.52)"", ""expenditure"": ""436.95""}",,,,
617933,Up-gradation to four lane/ Two lane with paved shoulders configuration of Kalyan - Murbad - Malshej Ghat - Nirmal Road NH- 61 km 15/200 to Km 38/00 and from Km. 58/00 to Km 84/00 Design length 48.58 km of NH-61 on EPC Mode in Thane District in the state of Maharashtra,,MoRTH,,Maharashtra,2023-02,2024-03,2026-08,2026-02,2026-02,984.07,0.0,549.37,,2026-08,FlashReport_August_2026.pdf,37,"{""approval"": ""02/2023"", ""start"": ""(03/2024)"", ""actual"": ""02/2026"", ""original"": ""(08/2026)"", ""revised"": ""(02/2026)""}","{""original"": ""984.07"", ""revised"": ""(0.00)"", ""expenditure"": ""549.37""}",,,,
617944,Kashedi ghat tunnel NH-66 [Bhogaon Khurd - Kashedi section] 4 lanes under NHDP on EPC mode,,MoRTH,,Maharashtra,2018-09,2018-10,2021-04,2026-02,2026-02,680.43,701.46,675.72,,2026-08,FlashReport_August_2026.pdf,37,"{""approval"": ""09/2018"", ""start"": ""(10/2018)"", ""actual"": ""02/2026"", ""original"": ""(04/2021)"", ""revised"": ""(02/2026)""}","{""original"": ""680.43"", ""revised"": ""(701.46)"", ""expenditure"": ""675.72""}",,,,
618046,Rehabilitation & Up-gradation of Sabalkhed to Ashti Section from Km 37900 to Km 55100 & Chinchpur to Jamkhed Section from km 70000 to km 72922 of NH- 561 to Two lane with Paved shoulder/ Four lane configuration in the State of Maharashtra on EPC Mode Length20.122km.,,MoRTH,,Maharashtra,2022-03,2023-04,2024-09,2025-09,2025-09,213.33,0.0,108.78,,2026-08,FlashReport_August_2026.pdf,38,"{""approval"": ""03/2022"", ""start"": ""(04/2023)"", ""actual"": ""09/2025"", ""original"": ""(09/2024)"", ""revised"": ""(09/2025)""}","{""original"": ""213.33"", ""revised"": ""(0.00)"", ""expenditure"": ""108.78""}",,,,
618090,Sarsam - Kothari of NH-161A - 2L PS from Km.33/00 to 90/00,,MoRTH,,Maharashtra,2017-02,2017-06,2019-06,2024-01,2024-01,545.64,0.0,350.38,,2026-08,FlashReport_August_2026.pdf,38,"{""approval"": ""02/2017"", ""start"": ""(06/2017)"", ""actual"": ""01/2024"", ""original"": ""(06/2019)"", ""revised"": ""(01/2024)""}","{""original"": ""545.64"", ""revised"": ""(0.00)"", ""expenditure"": ""350.38""}",,,,
618179,Rehabilitation and Upgradation of Shewali phata to Kalambhir section i.e. Km 0443 to Km 4500 & Nizampur to Chadwel section i.e. Km 13485 to Km 26265 Length16.317 Km excluding 2 Major Bridges with approaches Km 13735 to Km 14095 & Km 19660 to Km 20030 of NH 753B to 2LPS Configuration in the State of Maharashtra on EPC Mode.,,MoRTH,,Maharashtra,2024-03,2024-08,2026-02,2025-08,2025-08,181.58,0.0,125.04,,2026-08,FlashReport_August_2026.pdf,38,"{""approval"": ""03/2024"", ""start"": ""(08/2024)"", ""actual"": ""08/2025"", ""original"": ""(02/2026)"", ""revised"": ""(08/2025)""}","{""original"": ""181.58"", ""revised"": ""(0.00)"", ""expenditure"": ""125.04""}",,,,
618181,Rehabilitation / Upgradation to 4 Lane with Paved shoulder of Existing Section in Sillod Town with Design Ch. Km54500 to Km 60679 [Length6.179 km] section of NH 753F Aurangabad-Jalgaon road on EPC Mode in the State of Maharashtra,,MoRTH,,Maharashtra,2023-03,2024-01,2025-07,2025-12,2025-12,153.79,0.0,73.82,,2026-08,FlashReport_August_2026.pdf,38,"{""approval"": ""03/2023"", ""start"": ""(01/2024)"", ""actual"": ""12/2025"", ""original"": ""(07/2025)"", ""revised"": ""(12/2025)""}","{""original"": ""153.79"", ""revised"": ""(0.00)"", ""expenditure"": ""73.82""}",,,,
618188,Rehabilitation and Up-gradation to 2 lane with paved shoulder configuration of Mahud Sangola road NH 965 G 159400 to 161900and 162400 to 183960 Design Chainage from km. 32/300 to km. 34/800 and km. 35/800 to km. 56/860 Rigid Pavement on EPC mode in the State of Maharashtra.,,MoRTH,,Maharashtra,2023-02,2023-11,2025-05,2026-01,2026-01,253.78,0.0,127.54,,2026-08,FlashReport_August_2026.pdf,38,"{""approval"": ""02/2023"", ""start"": ""(11/2023)"", ""actual"": ""01/2026"", ""original"": ""(05/2025)"", ""revised"": ""(01/2026)""}","{""original"": ""253.78"", ""revised"": ""(0.00)"", ""expenditure"": ""127.54""}",,,,
618072,Widening to Existing single lane /intermediate lane to 2 lane from Km185.00 to Km 220.00 of NH-61 New NH-02 in the state of Nagaland.,,MoRTH,,Nagaland,2021-03,2022-07,2024-07,2026-02,2026-02,297.25,0.0,175.31,,2026-08,FlashReport_August_2026.pdf,38,"{""approval"": ""03/2021"", ""start"": ""(07/2022)"", ""actual"": ""02/2026"", ""original"": ""(07/2024)"", ""revised"": ""(02/2026)""}","{""original"": ""297.25"", ""revised"": ""(0.00)"", ""expenditure"": ""175.31""}",,,,
618023,Work of Widening/upgradation of 2-Lane with paved shoulder of Sri Muktsar Sahib to Malout road from Km 279.400 to Km 307.060 section of NH-354 in the State of Punjab on EPC mode. Job No. NH-354-PB-2021-22-555,,MoRTH,,Punjab,2022-03,2023-10,2025-04,2026-03,2026-03,152.58,0.0,118.99,,2026-08,FlashReport_August_2026.pdf,38,"{""approval"": ""03/2022"", ""start"": ""(10/2023)"", ""actual"": ""03/2026"", ""original"": ""(04/2025)"", ""revised"": ""(03/2026)""}","{""original"": ""152.58"", ""revised"": ""(0.00)"", ""expenditure"": ""118.99""}",,,,
617995,Widening to Two Lane with Paved Shoulders from Km 67.000 to Km 114.425 of Kalwakurthy- Mallapally Section of NH 167 Erstwhile section of SH 18 in the State of Telangana on EPC mode under NH O Annual Plan 2016-17,,MoRTH,,Telangana,2017-01,2017-05,2019-05,2025-07,2025-07,300.0,0.0,249.02,,2026-08,FlashReport_August_2026.pdf,38,"{""approval"": ""01/2017"", ""start"": ""(05/2017)"", ""actual"": ""07/2025"", ""original"": ""(05/2019)"", ""revised"": ""(07/2025)""}","{""original"": ""300.00"", ""revised"": ""(0.00)"", ""expenditure"": ""249.02""}",,,,
617957,Construction of Jasra Bypass with four lane paved shoulder configurationfrom Km 379.670 on NH-76New NH-35 to Km 18.00 on NH-27New NH-30 on EPC in the State of Uttar Pradesh.,,MoRTH,,Uttar Pradesh,2023-02,2024-03,2025-09,2025-09,2025-09,274.06,0.0,138.83,,2026-08,FlashReport_August_2026.pdf,38,"{""approval"": ""02/2023"", ""start"": ""(03/2024)"", ""actual"": ""09/2025"", ""original"": ""(09/2025)"", ""revised"": ""(09/2025)""}","{""original"": ""274.06"", ""revised"": ""(0.00)"", ""expenditure"": ""138.83""}",,,,
618165,Construction of 4-lane highway with paved shoulders from Km 49.155 to Km 74.700 of NH-731A on Hybrid Annuity Mode in the state of Uttar Pradesh,,MoRTH,,Uttar Pradesh,2022-01,2024-02,2026-01,2026-06,2026-06,1156.72,0.0,534.81,,2026-08,FlashReport_August_2026.pdf,38,"{""approval"": ""01/2022"", ""start"": ""(02/2024)"", ""actual"": ""06/2026"", ""original"": ""(01/2026)"", ""revised"": ""(06/2026)""}","{""original"": ""1,156.72"", ""revised"": ""(0.00)"", ""expenditure"": ""534.81""}",,,,
618167,Rehabilitation & Upgradation of NH-731A from Km.0.00 to Km.35.00 to 2-lane with paved shoulder under EPC mode,,MoRTH,,Uttar Pradesh,2021-03,2022-08,2023-08,2025-11,2025-11,264.86,0.0,145.42,,2026-08,FlashReport_August_2026.pdf,38,"{""approval"": ""03/2021"", ""start"": ""(08/2022)"", ""actual"": ""11/2025"", ""original"": ""(08/2023)"", ""revised"": ""(11/2025)""}","{""original"": ""264.86"", ""revised"": ""(0.00)"", ""expenditure"": ""145.42""}",,,,
618229,Rehabilitation and upgradation to 2-lane with paved sholuders configuration of Near Karri village-Etawah section Km30.000 to Km 57.346 Pakage-II of NH-92 in state of Uttar Pradesh undergreen national Highway Corridor Project GNHCP with the loan assistance of world Bank on EPC mode.,,MoRTH,,Uttar Pradesh,2020-04,2022-08,2024-02,2025-04,2025-04,211.09,206.56,171.85,,2026-08,FlashReport_August_2026.pdf,38,"{""approval"": ""04/2020"", ""start"": ""(08/2022)"", ""actual"": ""04/2025"", ""original"": ""(02/2024)"", ""revised"": ""(04/2025)""}","{""original"": ""211.09"", ""revised"": ""(206.56)"", ""expenditure"": ""171.85""}",,,,
618240,Rehabilitation and upgradation to 2-lane with paved sholuders configuration of Bewar-naer Karri village section Km0.00 to Km30.00 Pakage-I of NH-92 in state of Uttar Pradesh undergreen national Highway Corridor Project GNHCP with the loan assistance of world Bank on EPC mode.,,MoRTH,,Uttar Pradesh,2020-04,2022-09,2024-03,2026-02,2026-02,236.47,0.0,162.51,,2026-08,FlashReport_August_2026.pdf,38,"{""approval"": ""04/2020"", ""start"": ""(09/2022)"", ""actual"": ""02/2026"", ""original"": ""(03/2024)"", ""revised"": ""(02/2026)""}","{""original"": ""236.47"", ""revised"": ""(0.00)"", ""expenditure"": ""162.51""}",,,,
618208,Construction and upgradation of existing road to 2-lane with paved shoulder from existing chainage Km 509.725 to Km 528.000 design chainage Km 490.550 to Km 507.850 of NH-58 new NH-07 Benakuli bend to Mana Village in EPC mode under Chardham Programme in the State of Uttarakhand.,,MoRTH,,Uttarakhand,2019-02,2019-11,2021-10,2025-11,2025-11,180.1,0.0,176.62,,2026-08,FlashReport_August_2026.pdf,38,"{""approval"": ""02/2019"", ""start"": ""(11/2019)"", ""actual"": ""11/2025"", ""original"": ""(10/2021)"", ""revised"": ""(11/2025)""}","{""original"": ""180.10"", ""revised"": ""(0.00)"", ""expenditure"": ""176.62""}",,,,
618526,6L of Gundugolanu Design km 1023.280 to Kalaparru Design km 1050.680 of NH-5 New NH-16 Andhra,,NHAI,,Pradesh,2018-10,2020-01,2021-07,2023-07,2023-07,665.59,665.59,643.97,,2026-08,FlashReport_August_2026.pdf,38,"{""approval"": ""10/2018"", ""start"": ""(01/2020)"", ""actual"": ""07/2023"", ""original"": ""(07/2021)"", ""revised"": ""(07/2023)""}","{""original"": ""665.59"", ""revised"": ""(665.59)"", ""expenditure"": ""643.97""}",,,,
619090,8L of Dwarka Expressway Pkg-II RuB near Dwarka Sector 21-DL/HR Border from 5.300 Km.to 9.500 Km. of NH-248BB,,NHAI,,Delhi,2018-01,2019-10,2021-10,2025-08,2025-08,2067.67,2670.22,2403.67,,2026-08,FlashReport_August_2026.pdf,38,"{""approval"": ""01/2018"", ""start"": ""(10/2019)"", ""actual"": ""08/2025"", ""original"": ""(10/2021)"", ""revised"": ""(08/2025)""}","{""original"": ""2,067.67"", ""revised"": ""(2,670.22)"", ""expenditure"": ""2,403.67""}",,,,
618503,Ahmedabad - Dholera Pkg III from km. 48.52 to km. 71.06 [Vejallka Village - Start of DSIR zone],,NHAI,,Gujarat,2020-05,2021-07,2023-07,2025-10,2025-10,1034.04,1155.41,1125.8,,2026-08,FlashReport_August_2026.pdf,38,"{""approval"": ""05/2020"", ""start"": ""(07/2021)"", ""actual"": ""10/2025"", ""original"": ""(07/2023)"", ""revised"": ""(10/2025)""}","{""original"": ""1,034.04"", ""revised"": ""(1,155.41)"", ""expenditure"": ""1,125.80""}",,,,
618504,Ahmedabad - Dholera Pkg IV from km. 71.06 to km. 109.019 [Start of DSIR zone - Adhelai Village],,NHAI,,Gujarat,2020-05,2021-12,2023-12,2025-06,2025-06,1181.76,1358.73,1222.79,,2026-08,FlashReport_August_2026.pdf,38,"{""approval"": ""05/2020"", ""start"": ""(12/2021)"", ""actual"": ""06/2025"", ""original"": ""(12/2023)"", ""revised"": ""(06/2025)""}","{""original"": ""1,181.76"", ""revised"": ""(1,358.73)"", ""expenditure"": ""1,222.79""}",,,,
618680,6L Greenfield Kandili - Aluru Section of NH-130-CD Road from km 342500 to km 365033 Package-OD-8,,NHAI,,Odisha,2021-12,2022-10,2024-10,2026-09,2026-09,1492.74,1912.84,1089.12,,2026-08,FlashReport_August_2026.pdf,38,"{""approval"": ""12/2021"", ""start"": ""(10/2022)"", ""actual"": ""09/2026"", ""original"": ""(10/2024)"", ""revised"": ""(09/2026)""}","{""original"": ""1,492.74"", ""revised"": ""(1,912.84)"", ""expenditure"": ""1,089.12""}",,,,
619157,4 Laning of Talcher to end of Kamakhyanagar Bypass km 8.844 - km 15.725 of NH-149 and km 301.875 - km 335.946 of NH-53 Pkg-I,,NHAI,,Odisha,2018-01,2019-02,2021-08,2026-04,2026-04,795.18,810.71,715.99,,2026-08,FlashReport_August_2026.pdf,38,"{""approval"": ""01/2018"", ""start"": ""(02/2019)"", ""actual"": ""04/2026"", ""original"": ""(08/2021)"", ""revised"": ""(04/2026)""}","{""original"": ""795.18"", ""revised"": ""(810.71)"", ""expenditure"": ""715.99""}",,,,
619165,Thanamcherla-Jamandlapally 2LPS,,NHAI,,Telangana,2013-11,2014-03,2023-02,2018-01,2018-01,177.18,18.65,8.3,,2026-08,FlashReport_August_2026.pdf,39,"{""approval"": ""11/2013"", ""start"": ""(03/2014)"", ""actual"": ""01/2018"", ""original"": ""(02/2023)"", ""revised"": ""(01/2018)""}","{""original"": ""177.18"", ""revised"": ""(18.65)"", ""expenditure"": ""8.30""}",,,,
618883,Construction of Four Lane Highway form Ghazipur- Ballia-UP/Bihar State Border Greenfield section of NH-31 Package I [from Hridaipur km 0.000 to Shahapur km 42.500] on EPC Mode in the state of Uttar Pradesh.,,NHAI,,Uttar Pradesh,2022-10,2023-07,2025-07,2026-06,2026-06,1706.47,1579.59,1448.04,,2026-08,FlashReport_August_2026.pdf,39,"{""approval"": ""10/2022"", ""start"": ""(07/2023)"", ""actual"": ""06/2026"", ""original"": ""(07/2025)"", ""revised"": ""(06/2026)""}","{""original"": ""1,706.47"", ""revised"": ""(1,579.59)"", ""expenditure"": ""1,448.04""}",,,,
618893,Varanasi Gorakhpur Section Packege IV from km. 149.540 to km. 215.160 Mau- Gorakhpur,,NHAI,,Uttar Pradesh,2015-04,2017-04,2019-10,2024-12,2024-12,2966.63,3475.65,3455.16,,2026-08,FlashReport_August_2026.pdf,39,"{""approval"": ""04/2015"", ""start"": ""(04/2017)"", ""actual"": ""12/2024"", ""original"": ""(10/2019)"", ""revised"": ""(12/2024)""}","{""original"": ""2,966.63"", ""revised"": ""(3,475.65)"", ""expenditure"": ""3,455.16""}",,,,
619162,4L of Najibabad Bypass from Km. 105.423 to Km. 118.373 excluding 2.45 Km. of NH-74 Bypass of NH-119,,NHAI,,Uttar Pradesh,2022-01,2022-12,2024-06,2026-03,2026-03,578.02,566.9,440.93,,2026-08,FlashReport_August_2026.pdf,39,"{""approval"": ""01/2022"", ""start"": ""(12/2022)"", ""actual"": ""03/2026"", ""original"": ""(06/2024)"", ""revised"": ""(03/2026)""}","{""original"": ""578.02"", ""revised"": ""(566.90)"", ""expenditure"": ""440.93""}",,,,
618454,"Earthwork in Formation, Road Work, Construction of Bridges, Blanketing, P. Way Linking works including Supply of P. Way Fittings and Track Ballast in connection with Construction of Railway Siding from Jogighopa Railway Station to MMLP at Jogighopa from Ch. 00 to 3760 on Item Rate basis Package -3, Railway Siding from Jogighopa Railway Station to MMLP",,NHIDCL,,Assam,2020-02,2020-12,2022-06,2024-09,2024-09,693.97,0.0,40.17,,2026-08,FlashReport_August_2026.pdf,39,"{""approval"": ""02/2020"", ""start"": ""(12/2020)"", ""actual"": ""09/2024"", ""original"": ""(06/2022)"", ""revised"": ""(09/2024)""}","{""original"": ""693.97"", ""revised"": ""(0.00)"", ""expenditure"": ""40.17""}",,,,
618455,Development of External Trunk Connectivity and Internal Infrastructure Works at Multi Model Logistics ParkMMLP at Jogighopa in the State of Assam on EPC Mode Package-I Road and Utility Works,,NHIDCL,,Assam,2020-02,2020-09,2022-04,2024-09,2024-09,693.97,0.0,308.85,,2026-08,FlashReport_August_2026.pdf,39,"{""approval"": ""02/2020"", ""start"": ""(09/2020)"", ""actual"": ""09/2024"", ""original"": ""(04/2022)"", ""revised"": ""(09/2024)""}","{""original"": ""693.97"", ""revised"": ""(0.00)"", ""expenditure"": ""308.85""}",,,,
618337,Widening to 2 -Lane with Paved shoulder of Imphal to Jiribam section of NH-37 from Design Chainage 33.000 km to 66.390 Km Existing Chainage from km 33.395 to km 67.496 on EPC Mode in Manipur PKG-3,,NHIDCL,,Manipur,2021-03,2021-09,2023-03,2026-02,2026-02,467.0,0.0,594.01,,2026-08,FlashReport_August_2026.pdf,39,"{""approval"": ""03/2021"", ""start"": ""(09/2021)"", ""actual"": ""02/2026"", ""original"": ""(03/2023)"", ""revised"": ""(02/2026)""}","{""original"": ""467.00"", ""revised"": ""(0.00)"", ""expenditure"": ""594.01""}",,,,
618347,Widening to 2-lane with Hard shoulder of Churachandpur to Tuivai Section of NH- 102B from km 13.747 to km 32.835 in the State of Manipur on EPC mode under NHO Package-1B,,NHIDCL,,Manipur,2020-04,2020-07,2022-06,2026-02,2026-02,241.52,0.0,164.85,,2026-08,FlashReport_August_2026.pdf,39,"{""approval"": ""04/2020"", ""start"": ""(07/2020)"", ""actual"": ""02/2026"", ""original"": ""(06/2022)"", ""revised"": ""(02/2026)""}","{""original"": ""241.52"", ""revised"": ""(0.00)"", ""expenditure"": ""164.85""}",,,,
618380,Widening and Up-gradation to 2- Lane with Paved Shoulder Configuration and geometric improvement from Km. 125. 000 to Km 166 Package-3 on Aizawl Tuipang Section of NH-54 in the State of Mizoram Package-3,,NHIDCL,,Mizoram,2019-09,2019-10,2023-04,2026-07,2026-07,867.09,0.0,532.47,,2026-08,FlashReport_August_2026.pdf,39,"{""approval"": ""09/2019"", ""start"": ""(10/2019)"", ""actual"": ""07/2026"", ""original"": ""(04/2023)"", ""revised"": ""(07/2026)""}","{""original"": ""867.09"", ""revised"": ""(0.00)"", ""expenditure"": ""532.47""}",,,,
618393,"Construction for Mitigation Measures of 10 Nos. Landslides, 01 No. Sinking Zones and 1 No. of Minor Bridge in between at Ch. Km 368.00 to Km 433.00 on NH-07 on EPC Mode in Uttarakhand Package-1",,NHIDCL,,Uttarakhand,2023-12,2024-06,2025-12,2026-07,2026-07,216.68,0.0,117.84,,2026-08,FlashReport_August_2026.pdf,39,"{""approval"": ""12/2023"", ""start"": ""(06/2024)"", ""actual"": ""07/2026"", ""original"": ""(12/2025)"", ""revised"": ""(07/2026)""}","{""original"": ""216.68"", ""revised"": ""(0.00)"", ""expenditure"": ""117.84""}",,,,
